{
  "privateResponseHistogram": {
    "in-response": 40127,
    "original": 160330
  },
  "numMessagesByResponseHistogram": {
    "in-response": 200087,
    "original": 799913
  },
  "privateAvgLengthHistogram": {
    "words": 2205133,
    "stdDevWords": 5.477988738189722,
    "stdDevChars": 45.907317495977374,
    "chars": 17963480
  },
  "in-responseAvgLengthHistogram": {
    "words": 2204581,
    "stdDevWords": 5.469649703942098,
    "stdDevChars": 45.844778059641214,
    "chars": 17952156
  },
  "originalAvgLengthHistogram": {
    "words": 8791495,
    "stdDevWords": 5.4805661160031285,
    "stdDevChars": 45.92558009052182,
    "chars": 71596385
  },
  "publicResponseHistogram": {
    "in-response": 119868,
    "original": 480048
  },
  "selfAvgLengthHistogram": {
    "words": 1211859,
    "stdDevWords": 5.470822145112421,
    "stdDevChars": 45.80901209096441,
    "chars": 9865080
  },
  "numMessagesByRecepientHistogram": {
    "all": 238996,
    "subscribers": 380596,
    "self": 110386,
    "user": 270022
  },
  "protectedRecepientsHistogram": {
    "numUserRecepients": 30035,
    "numSubRecepients": 139671,
    "numAllRecepients": 0,
    "numSelfRecepients": 29921
  },
  "averageNumChars": 89.548541,
  "userResponseHistogram": {
    "in-response": 54130,
    "original": 215892
  },
  "allAvgLengthHistogram": {
    "words": 2632762,
    "stdDevWords": 5.472448749465643,
    "stdDevChars": 45.861554596364314,
    "chars": 21438307
  },
  "privateRecepientsHistogram": {
    "numUserRecepients": 180212,
    "numSubRecepients": 0,
    "numAllRecepients": 0,
    "numSelfRecepients": 20245
  },
  "numMessagesByLengthHistogram": {
    "11": 52454,
    "12": 52284,
    "13": 52514,
    "14": 52349,
    "15": 52452,
    "16": 52974,
    "17": 52196,
    "18": 52686,
    "19": 52555,
    "2": 52564,
    "3": 52784,
    "4": 52386,
    "5": 52578,
    "6": 52993,
    "7": 52921,
    "8": 53031,
    "9": 52690,
    "20": 52885,
    "10": 52704
  },
  "protectedAvgLengthHistogram": {
    "words": 2194019,
    "stdDevWords": 5.4783002492520305,
    "stdDevChars": 45.89139010721023,
    "chars": 17867040
  },
  "stdDevWords": 5.478394710334769,
  "stdDevChars": 45.90950576701212,
  "userAvgLengthHistogram": {
    "words": 2970065,
    "stdDevWords": 5.483784615780944,
    "stdDevChars": 45.94471054847507,
    "chars": 24191661
  },
  "allResponseHistogram": {
    "in-response": 47983,
    "original": 191013
  },
  "totalUniqueUsers": 10000,
  "numMessagesByStatusHistogram": {
    "private": 200457,
    "public": 599916,
    "protected": 199627
  },
  "publicAvgLengthHistogram": {
    "words": 6596924,
    "stdDevWords": 5.47856025927491,
    "stdDevChars": 45.916240247400566,
    "chars": 53718021
  },
  "averageNumWords": 10.996076,
  "protectedResponseHistogram": {
    "in-response": 40092,
    "original": 159535
  },
  "publicRecepientsHistogram": {
    "numUserRecepients": 59775,
    "numSubRecepients": 240925,
    "numAllRecepients": 238996,
    "numSelfRecepients": 60220
  },
  "subscribersAvgLengthHistogram": {
    "words": 4181390,
    "stdDevWords": 5.480454934377051,
    "stdDevChars": 45.94338045159649,
    "chars": 34053493
  },
  "selfResponseHistogram": {
    "in-response": 22099,
    "original": 88287
  },
  "totalMessages": 1000000,
  "subscribersResponseHistogram": {
    "in-response": 75875,
    "original": 304721
  }
}
